MAE,MSE
0.7548125194407986,0.7937841225359995
